"Time_Iter","Outer_Iter","Inner_Iter",    "rms[Rho]"    ,    "rms[RhoU]"   ,    "rms[RhoV]"   ,    "rms[RhoW]"   ,    "rms[RhoE]"   ,    "RefForce"    ,       "CD"       ,       "CL"       ,       "CSF"      ,       "CMx"      ,       "CMy"      ,       "CMz"      ,       "CFx"      ,       "CFy"      ,       "CFz"      ,      "CEff"      
          0,           0,           0,       -4.18901967,      -1.766533727,      -2.704592153,      -2.736796946,       1.324742014,       177.8379639,      0.6158911329,       4.149848437,      -1.161495525,      0.7780103637,      -38.61917671,      -2.275657959,      0.3249120595,      -1.161495525,       4.182702008,       6.737957758
          0,           0,           1,      -4.117302605,      -1.640486598,      -1.837813001,      -1.768655181,       1.402827588,       177.8379639,      0.7859124844,       5.377153457,      -1.526426436,       1.013819593,      -49.99114994,        -3.3117904,      0.4089067771,      -1.526426436,       5.418877465,        6.84192396
          0,           0,           2,      -4.174776787,      -1.732198426,      -1.849234916,      -1.778146107,       1.336988619,       177.8379639,      0.8617774634,       5.984945956,      -1.698864772,       1.123325695,      -55.69826107,      -3.843879789,      0.4421894914,      -1.698864772,       6.030481486,        6.94488567
          0,           0,           3,      -4.215929404,      -1.768518949,      -1.834679953,      -1.771729377,       1.294894005,       177.8379639,      0.8509758887,       6.033718141,      -1.677865624,       1.119543494,      -56.33815113,      -3.788922949,      0.4280120531,      -1.677865624,       6.078381384,       7.090351467
          0,           0,           4,      -4.187413342,      -1.730544363,      -1.774504099,      -1.719854164,       1.325096644,       177.8379639,      0.7742733705,       5.654318908,      -1.505075894,       1.034695668,      -53.18941162,       -3.29895745,       0.377961931,      -1.505075894,       5.694555851,       7.302742318
          0,           0,           5,      -4.125199916,      -1.660114645,      -1.678527719,      -1.635164556,       1.388385355,       177.8379639,      0.6615999979,       5.032387099,      -1.240527964,      0.9094705664,      -48.01165688,      -2.537894742,       0.308946795,      -1.240527964,        5.06627934,       7.606389231
          0,           0,           6,      -4.044177803,      -1.564412239,      -1.543804898,       -1.51451092,       1.468479313,       177.8379639,      0.5415813447,       4.345219466,     -0.9350346671,       0.784243583,      -42.46291646,      -1.602881992,      0.2371548921,     -0.9350346671,       4.372413535,       8.023207426
          0,           0,           7,      -3.953233949,      -1.451907621,      -1.392378861,      -1.378390388,       1.552118281,       177.8379639,      0.4261409929,       3.639819895,      -0.595074181,      0.6798949323,      -36.93427399,     -0.4117636501,      0.1712019339,      -0.595074181,        3.66067957,       8.541351233
          0,           0,           8,      -3.857411667,      -1.344547016,      -1.254826897,      -1.253857391,       1.625821713,       177.8379639,      0.3138892312,       2.861126226,     -0.1937065186,      0.6003527244,      -30.75731812,       1.247466097,      0.1135425364,     -0.1937065186,       2.876052473,       9.115082461
          0,           0,           9,      -3.757315647,      -1.281334389,      -1.164247574,      -1.171666443,       1.685469939,       177.8379639,      0.2067640811,       1.995989455,      0.2838438375,      0.5469394191,      -23.52434769,       3.546835196,     0.06702722819,      0.2838438375,       2.005550458,       9.653463233
          0,           0,          10,      -3.656595811,      -1.268033522,      -1.138475301,      -1.148590652,        1.76248642,       177.8379639,      0.1269255624,       1.267263765,       0.732470163,      0.5164839965,      -17.04033598,       6.010525139,     0.03821652661,       0.732470163,       1.273030654,       9.984306868
          0,           0,          11,      -3.580312326,      -1.211396666,      -1.134320639,      -1.137049179,       1.855546904,       177.8379639,     0.07030145773,      0.7081834943,       1.183566776,      0.4829834595,      -11.61142736,       8.952896475,     0.02072982358,       1.183566776,      0.7113623767,       10.07352503
          0,           0,          12,      -3.519747769,      -1.113582382,      -1.080714409,      -1.072340667,       1.937829541,       177.8379639,     0.04501982407,        0.50172645,       1.570899398,       0.424374185,       -9.08475254,       12.14594755,    0.009911490109,       1.570899398,      0.5036446937,       11.14456709
          0,           0,          13,      -3.466179135,      -1.087333799,      -1.033028014,      -1.024228948,       1.985708089,       177.8379639,     0.04364951323,       0.631486978,       1.816046076,      0.3527340796,      -9.735409245,       14.79343218,  -0.0005071195877,       1.816046076,      0.6329935436,       14.46721696
          0,           0,          14,      -3.430170064,      -1.116281335,      -1.028089369,      -1.033561094,        2.00942138,       177.8379639,     0.04954349356,      0.9584721287,       1.974643277,      0.2892673793,      -12.43637728,        17.1737417,    -0.01743682779,       1.974643277,      0.9595933182,       19.34607473
          0,           0,          15,        -3.3950877,      -1.110451445,      -1.025505711,      -1.028560887,       2.045990196,       177.8379639,     0.04993391976,       1.239504029,       2.066275977,      0.2777324653,      -14.97694246,        18.9996013,      -0.036651147,       2.066275977,       1.239967873,       24.82288662
          0,           0,          16,      -3.381456258,      -1.121158542,      -1.045323173,      -1.028906601,       2.055884501,       177.8379639,     0.03990551289,       1.378079729,       2.144587455,      0.3329498755,      -16.29011286,       20.75617827,    -0.05632167739,       2.144587455,       1.377506464,       34.53356766
          0,           0,          17,      -3.375417374,      -1.169389843,      -1.069154026,      -1.047671123,       2.059351989,       177.8379639,     0.03250660153,       1.393244728,       2.182934468,      0.3783416063,      -16.44830322,       21.61287121,    -0.06476042219,       2.182934468,         1.3921184,       42.86036258
          0,           0,          18,      -3.416442878,      -1.296941603,      -1.130569424,      -1.123682306,         1.9993188,       177.8379639,     0.02255952524,       1.354208357,       2.221405365,      0.4421044091,      -16.06044818,       22.54186288,    -0.07196022836,       2.221405365,       1.352483247,       60.02822944
          0,           0,          19,      -3.427844561,      -1.332818614,      -1.178828197,      -1.182383692,       1.987506092,       177.8379639,     0.01298833913,       1.275980399,        2.24331184,      0.5117016564,      -15.24590975,        23.4158258,    -0.07605119305,        2.24331184,       1.273778196,       98.24045913
          0,           0,          20,      -3.433717407,      -1.325005626,      -1.196517595,      -1.200732605,       1.986318256,       177.8379639,    0.008169049159,       1.193700673,       2.216688926,      0.5663491801,      -14.35457713,       23.90097487,    -0.07511919989,       2.216688926,       1.191362722,       146.1247998
          0,           0,          21,      -3.438021534,      -1.306860534,      -1.215542355,      -1.219538614,       1.983860455,       177.8379639,     0.01119308811,       1.141366945,         2.1132125,      0.5892153374,      -13.76103037,       23.54792395,    -0.06845191103,         2.1132125,       1.139367423,       101.9706924
          0,           0,          22,      -3.455718689,      -1.314422566,      -1.261429559,      -1.255988618,       1.969743031,       177.8379639,     0.01946227922,        1.12810115,       1.967383244,      0.5832596654,      -13.59587739,       22.41110821,    -0.05927748817,       1.967383244,       1.126710772,        57.9634655
          0,           0,          23,      -3.498585686,      -1.349771637,      -1.313978918,      -1.309665902,       1.929689539,       177.8379639,     0.02910813263,       1.136057856,       1.813988167,      0.5642022954,      -13.67942546,       20.77971574,    -0.05021016333,       1.813988167,       1.135320957,       39.02888139
          0,           0,          24,      -3.549125949,      -1.359135638,      -1.374606672,      -1.366447072,       1.882423187,       177.8379639,     0.03743861829,       1.151013368,       1.680180893,      0.5438926416,       -13.8581012,        18.9653892,    -0.04294321409,       1.680180893,       1.150821143,       30.74401302
          0,           0,          25,      -3.616748666,      -1.412228362,      -1.413826606,      -1.425385405,       1.810098415,       177.8379639,     0.04379656282,       1.168088414,       1.569116965,      0.5267602629,      -14.08079899,       16.96375099,    -0.03779185218,       1.569116965,       1.168298103,       26.67077822
          0,           0,          26,      -3.650406535,      -1.432436899,      -1.443676017,      -1.451239498,       1.777217194,       177.8379639,        0.04603371,       1.176086943,       1.524816696,      0.5205246777,      -14.19129984,       15.99906319,    -0.03611810377,       1.524816696,       1.176433204,       25.54838494
          0,           0,          27,      -3.726119338,      -1.585441172,      -1.538929779,      -1.538636699,       1.684336157,       177.8379639,     0.04751437811,       1.184890357,       1.488967607,      0.5161838182,       -14.3177863,       14.99273519,    -0.03525513761,       1.488967607,       1.185318459,       24.93751164
          0,           0,          28,      -3.758762996,      -1.611923356,      -1.596768365,      -1.598506305,       1.655031538,       177.8379639,     0.04799182859,       1.194199954,       1.466427969,      0.5143813578,      -14.45684587,        14.0616883,    -0.03542825481,       1.466427969,       1.194638683,        24.8834018
          0,           0,          29,      -3.787729396,      -1.591396848,      -1.610839594,      -1.603836586,       1.635084475,       177.8379639,     0.04748856406,       1.202992082,       1.457929839,      0.5145737363,      -14.59572792,       13.35050091,    -0.03654360125,       1.457929839,       1.203374288,       25.33224799
          0,           0,          30,      -3.815991138,      -1.613094864,      -1.622347914,      -1.621664396,       1.611855924,       177.8379639,     0.04662732027,       1.209376216,       1.458821897,      0.5153877016,      -14.70413106,       13.00194219,    -0.03784808178,       1.458821897,       1.209682793,       25.93707313
          0,           0,          31,      -3.863638615,      -1.637719239,      -1.656390655,      -1.668299589,       1.563373262,       177.8379639,     0.04595859943,       1.213773949,       1.465513429,       0.515844453,      -14.78535279,       12.98423559,    -0.03882194404,       1.465513429,       1.214023167,       26.41015967
          0,           0,          32,      -3.896901013,      -1.712690544,      -1.705324051,      -1.711568264,       1.528411201,       177.8379639,     0.04582960411,       1.217011696,       1.482581967,      0.5152481778,      -14.85058809,       13.37094933,     -0.0391764789,       1.482581967,       1.217244028,       26.55514311
          0,           0,          33,      -3.923694266,       -1.70789168,      -1.717624266,      -1.725824984,       1.504958309,       177.8379639,     0.04598564384,       1.218302559,       1.494232158,      0.5146491328,      -14.87786706,       13.67412259,    -0.03911086536,       1.494232158,       1.218542632,       26.49310649
          0,           0,          34,      -3.996062787,      -1.842887077,      -1.804811169,      -1.813658614,       1.416162821,       177.8379639,     0.04644520344,       1.219757071,       1.512667848,      0.5135722074,      -14.90609729,        14.1606139,    -0.03875388682,       1.512667848,       1.220025658,       26.26228287
          0,           0,          35,      -4.032015818,      -1.853822956,      -1.865848339,      -1.869251863,       1.383427752,       177.8379639,     0.04728039051,       1.221316985,       1.541043571,      0.5119641498,      -14.93380511,       14.86577358,    -0.03802954836,       1.541043571,       1.221640032,       25.83136417
          0,           0,          36,      -4.058052522,      -1.844802911,      -1.876178138,      -1.878645325,       1.365993559,       177.8379639,     0.04843165126,       1.222916486,       1.582873544,      0.5102009039,       -14.9597675,       15.79019992,    -0.03699266756,       1.582873544,       1.223315944,       25.25035703
          0,           0,          37,      -4.080516268,      -1.868205655,      -1.880134868,      -1.886054647,       1.348995005,       177.8379639,      0.0490431513,       1.223696776,       1.606975839,      0.5094019985,      -14.97189432,       16.28485843,    -0.03643708741,       1.606975839,        1.22413699,        24.9514304
          0,           0,          38,      -4.146857372,      -1.998540315,      -1.962888574,      -1.970337864,       1.265612272,       177.8379639,     0.04974554862,       1.224744297,       1.637726966,      0.5086523074,      -14.98629325,       16.87106143,    -0.03580947246,       1.637726966,       1.225230956,       24.62017872
          0,           0,          39,      -4.190098978,       -2.02194351,      -2.008552051,      -2.018901402,       1.221162419,       177.8379639,     0.05041558966,       1.226153592,       1.674987781,      0.5082534148,      -15.00454607,       17.51650577,    -0.03523937104,       1.674987781,       1.226683557,       24.32092137
          0,           0,          40,       -4.21279525,      -2.031687182,      -2.001025683,       -2.00913654,       1.204320092,       177.8379639,     0.05078554866,       1.227848775,       1.716100099,      0.5087621033,      -15.02644024,       18.13954702,    -0.03498856321,       1.716100099,       1.228400418,       24.17712927
          0,           0,          41,      -4.226545748,      -2.047600782,      -1.997738703,      -1.999969488,       1.193618546,       177.8379639,     0.05053881864,       1.229780967,       1.754248311,      0.5107567722,      -15.05196638,       18.60598793,    -0.03536947513,       1.754248311,       1.230310692,       24.33339362
          0,           0,          42,      -4.234197851,      -2.010441738,      -2.020939595,       -2.02251343,       1.192773948,       177.8379639,     0.04969021801,       1.231549841,       1.777266524,      0.5138170992,       -15.0755615,       18.77772551,    -0.03633939898,       1.777266524,       1.232016062,       24.78455297
          0,           0,          43,      -4.274977145,      -2.018817617,      -2.063570757,      -2.069205107,       1.154001309,       177.8379639,     0.04844626267,       1.232990632,       1.783187936,        0.51744496,      -15.09500077,       18.67494868,    -0.03768082866,       1.783187936,        1.23336657,       25.45068627
          0,           0,          44,      -4.306469532,      -2.051335803,      -2.095052792,      -2.117957194,       1.125281338,       177.8379639,     0.04772186008,       1.233709018,         1.7813953,      0.5194871685,      -15.10479889,       18.55148442,    -0.03845357868,         1.7813953,       1.234032673,       25.85207315
          0,           0,          45,      -4.376251584,      -2.164548786,      -2.183177398,      -2.203644006,       1.038986254,       177.8379639,      0.0468007496,       1.234288193,        1.77303935,      0.5218119932,      -15.11270724,       18.32004688,    -0.03941284659,        1.77303935,       1.234546184,       26.37325691
          0,           0,          46,      -4.409167781,      -2.200652439,      -2.228845361,      -2.238675589,       1.005637898,       177.8379639,     0.04573087861,       1.234623443,       1.755625455,      0.5243931144,      -15.11747264,       17.95692773,    -0.04050349729,       1.755625455,       1.234805987,       26.99758851
          0,           0,          47,      -4.427349065,      -2.229721085,      -2.215636022,      -2.219552018,      0.9916930552,       177.8379639,      0.0446534602,       1.234446131,       1.726964654,      0.5269961113,      -15.11605178,       17.45378675,    -0.04156592251,       1.726964654,        1.23455395,        27.6450274
          0,           0,          48,        -4.4419697,      -2.205223839,      -2.206087325,       -2.21051048,       0.982415827,       177.8379639,     0.04416899743,       1.234285159,       1.710560244,      0.5282446561,      -15.11457773,       17.18436255,    -0.04203797629,       1.710560244,       1.234359576,       27.94460437
          0,           0,          49,       -4.50785709,      -2.312850556,      -2.284686036,      -2.294187079,      0.8996164909,       177.8379639,     0.04370637675,       1.233842637,       1.689191663,      0.5294127488,      -15.10959413,       16.85545878,    -0.04246860129,       1.689191663,       1.233885861,       28.23026589
          0,           0,          50,      -4.542830673,      -2.289721476,      -2.342477992,      -2.353507289,      0.8686151525,       177.8379639,     0.04335858727,       1.233114954,       1.662966729,      0.5303755421,      -15.10110373,       16.47795605,    -0.04276478297,       1.662966729,        1.23313569,       28.43992463
          0,           0,          51,      -4.568569712,      -2.254866088,      -2.364076886,      -2.376245189,      0.8547554419,       177.8379639,     0.04326943325,       1.232029907,       1.633571193,      0.5309071009,      -15.08857526,        16.0859475,    -0.04277803075,       1.633571193,       1.232047067,       28.47344682
          0,           0,          52,      -4.592408239,      -2.231913728,      -2.374825718,      -2.386543836,      0.8410317437,       177.8379639,     0.04358958885,       1.230597096,       1.605203355,      0.5307339248,      -15.07233241,       15.74408495,    -0.04235870722,       1.605203355,       1.230640079,       28.23144537
          0,           0,          53,      -4.613215003,      -2.234965721,      -2.388320861,      -2.402917984,      0.8260219842,       177.8379639,     0.04425402008,       1.229251928,       1.586028782,      0.5299138716,      -15.05769517,       15.54717149,    -0.04160206035,       1.586028782,       1.229344537,       27.77718106
          0,           0,          54,      -4.637915412,       -2.29962038,      -2.405088761,      -2.426136018,      0.7970836079,       177.8379639,     0.04531344728,        1.22807051,       1.577438106,      0.5283903036,      -15.04601721,       15.51123415,    -0.04046280226,       1.577438106,       1.228239898,       27.10167916
          0,           0,          55,       -4.65601943,      -2.356280229,      -2.407768794,      -2.423788772,      0.7770354057,       177.8379639,     0.04591807652,       1.227625768,       1.576926193,      0.5274889341,      -15.04237368,       15.54454735,    -0.03982862224,       1.576926193,       1.227838416,       26.73513049
          0,           0,          56,        -4.7330061,      -2.526656546,      -2.491590948,      -2.499180342,      0.6787312239,       177.8379639,      0.0466640421,       1.227368565,       1.581172909,      0.5263291734,      -15.04139035,       15.64593234,    -0.03906653221,       1.581172909,       1.227633875,       26.30223421
          0,           0,          57,      -4.763314427,       -2.57094189,       -2.54170705,      -2.548505866,      0.6501108317,       177.8379639,      0.0475057615,       1.227426844,       1.591995014,      0.5249682734,      -15.04507446,       15.83457058,    -0.03823092858,       1.591995014,       1.227750728,        25.8374312
          0,           0,          58,      -4.792030286,      -2.552373071,      -2.559772035,      -2.565511775,      0.6301630269,       177.8379639,     0.04832285936,       1.227929191,       1.610633848,      0.5235671253,      -15.05534066,       16.11901776,    -0.03745086304,       1.610633848,       1.228308849,       25.41093815
          0,           0,          59,      -4.828632489,       -2.51059581,       -2.59351257,      -2.597355464,      0.6038980118,       177.8379639,      0.0486888641,       1.228291079,        1.62134468,       0.522910625,      -15.06216121,       16.27564322,    -0.03711099396,        1.62134468,       1.228695387,       25.22735131
          0,           0,          60,      -4.905450485,       -2.59490701,      -2.690680404,      -2.699451437,      0.5116076473,       177.8379639,     0.04903157803,       1.228889787,       1.635226294,      0.5222281637,      -15.07233556,       16.47083824,    -0.03681087857,       1.635226294,       1.229316543,       25.06323141
          0,           0,          61,      -4.948601511,      -2.599395144,      -2.770438039,      -2.783958698,      0.4742489391,       177.8379639,     0.04929210661,       1.229818623,       1.652105176,      0.5215894054,      -15.08715765,       16.69941297,    -0.03661577695,       1.652105176,        1.23026129,       24.94960567
          0,           0,          62,      -4.977271158,      -2.590061409,      -2.787640979,       -2.80442553,      0.4573485109,       177.8379639,     0.04937589715,       1.231146879,       1.670764255,      0.5211530607,      -15.10741993,       16.94238357,    -0.03662484501,       1.670764255,       1.231592156,       24.93416728
          0,           0,          63,      -5.001989549,      -2.612761927,      -2.775140838,      -2.792554048,      0.4358656663,       177.8379639,     0.04925440069,       1.232602437,       1.686446755,      0.5210579245,      -15.12908174,         17.138724,     -0.0368475801,       1.686446755,       1.233035693,       25.02522455
          0,           0,          64,      -5.037115717,      -2.684480304,      -2.793213202,      -2.806080296,      0.3935470187,       177.8379639,     0.04888324415,       1.234342283,       1.699423548,      0.5213886543,      -15.15421393,       17.29163688,    -0.03733919804,       1.699423548,        1.23474541,       25.25082581
          0,           0,          65,      -5.056703923,      -2.746251647,      -2.805995055,      -2.810225825,      0.3727325298,       177.8379639,      0.0486410991,       1.235219945,       1.704405806,      0.5216701931,      -15.16682033,       17.34728121,    -0.03764197582,       1.704405806,       1.235604043,       25.39457306
          0,           0,          66,      -5.132928982,      -2.907745306,        -2.8881628,      -2.887453657,      0.2775165441,       177.8379639,     0.04829447885,       1.236176087,       1.708005119,      0.5220864179,      -15.18017905,       17.38210656,     -0.0380544488,       1.708005119,       1.236533676,       25.59663374
          0,           0,          67,      -5.180686413,      -2.960605942,      -2.943161144,      -2.943022385,      0.2296601922,       177.8379639,     0.04784247392,       1.237153913,       1.709041383,      0.5227358324,       -15.1935387,       17.38096026,    -0.03857356239,       1.709041383,        1.23747759,       25.85890343
          0,           0,          68,      -5.223617193,      -2.942877424,       -2.97078186,      -2.973225852,      0.1963693705,       177.8379639,     0.04730212768,       1.237994479,       1.706097676,      0.5237223951,      -15.20457459,       17.32616983,    -0.03917122728,       1.706097676,       1.238278416,        26.1720675
          0,           0,          69,      -5.270986193,      -2.903409683,      -3.010477509,      -3.014746013,      0.1628661294,       177.8379639,      0.0470308649,       1.238344043,       1.703589998,      0.5242936174,       -15.2091094,       17.28558548,    -0.03946621363,       1.703589998,       1.238608206,       26.33045438
          0,           0,          70,      -5.352843636,      -2.984998342,      -3.104045475,      -3.114643561,     0.06548695698,       177.8379639,     0.04672077919,       1.238582103,       1.699329651,      0.5249779459,      -15.21184009,       17.22129655,    -0.03979215022,       1.699329651,       1.238824056,       26.51030493
          0,           0,          71,      -5.402708407,      -2.991035437,      -3.196088097,      -3.207923683,     0.02340803404,       177.8379639,     0.04639716141,       1.238652644,       1.692903367,      0.5258152798,       -15.2120757,       17.12834073,    -0.04011990039,       1.692903367,       1.238871851,        26.6967333
          0,           0,          72,       -5.43944593,      -2.970770204,        -3.2396859,      -3.253925931,    0.005191019218,       177.8379639,     0.04610022151,       1.238457038,       1.684091518,      0.5268189125,      -15.20844818,       17.00436764,    -0.04040247217,       1.684091518,       1.238656008,       26.86444875
          0,           0,          73,      -5.470143252,      -2.953858578,      -3.244705129,      -3.262927576,   -0.009877387733,       177.8379639,     0.04597577163,       1.238301029,       1.679414102,      0.5273438041,      -15.20589662,       16.93925827,    -0.04051573623,       1.679414102,       1.238491697,        26.9337737
          0,           0,          74,      -5.545270161,      -3.050349283,      -3.312375747,      -3.328682998,     -0.1074136979,       177.8379639,     0.04586251425,       1.237986234,       1.673660994,      0.5279163737,      -15.20101975,       16.85991489,    -0.04060675874,       1.673660994,       1.238169769,       26.99342271
          0,           0,          75,      -5.582115868,      -3.095284356,      -3.371153268,      -3.377514814,      -0.147112541,       177.8379639,     0.04578524417,       1.237484553,       1.666882465,       0.528539697,      -15.19355278,       16.76721791,     -0.0406488451,       1.666882465,        1.23766392,       27.02802126
          0,           0,          76,      -5.604150165,      -3.121850192,      -3.380572388,      -3.382923714,     -0.1629731695,       177.8379639,      0.0457744591,       1.236781071,       1.659405631,      0.5291880645,      -15.18333233,       16.66569841,    -0.04061053152,       1.659405631,         1.2369614,         27.019021
          0,           0,          77,      -5.626761214,      -3.150930479,      -3.369687753,      -3.375212842,     -0.1817895137,       177.8379639,     0.04579111503,       1.236400892,        1.65579624,      0.5295066796,      -15.17793063,       16.61685986,    -0.04056739621,        1.65579624,       1.236583309,       27.00089071
          0,           0,          78,      -5.688609551,      -3.263394021,      -3.418033519,      -3.423016111,     -0.2681420897,       177.8379639,     0.04583770232,       1.235900926,       1.651836464,      0.5298210682,      -15.17086719,       16.56345614,    -0.04048604652,       1.651836464,        1.23608781,       26.96254096
          0,           0,          79,      -5.724019799,      -3.326627914,      -3.460233422,      -3.464029371,     -0.3101350344,       177.8379639,     0.04593059483,       1.235275132,       1.647733747,      0.5301133898,        -15.162184,       16.50834405,    -0.04034972707,       1.647733747,        1.23547002,       26.89438567
          0,           0,          80,      -5.752493967,      -3.368569455,      -3.483711847,      -3.487448896,     -0.3352108051,       177.8379639,     0.04608413548,       1.234548938,        1.64388085,       0.530350829,      -15.15225677,       16.45684173,    -0.04014590375,        1.64388085,       1.234756306,       26.78902241
          0,           0,          81,      -5.784770197,      -3.411257971,      -3.496481175,      -3.499456647,     -0.3636282043,       177.8379639,      0.0463132688,        1.23375224,        1.64090383,      0.5304759971,      -15.14171182,       16.41753296,    -0.03986175376,        1.64090383,       1.233977532,       26.63928227
          0,           0,          82,      -5.822795504,       -3.46318511,      -3.514398503,      -3.515337878,     -0.3997305305,       177.8379639,     0.04643854732,       1.233368096,       1.639791847,      0.5305095482,        -15.136701,       16.40301211,    -0.03970998387,       1.639791847,       1.233603063,       26.55914467
          0,           0,          83,       -5.88618692,      -3.587455332,      -3.572610601,      -3.576763676,     -0.4828511275,       177.8379639,     0.04659916325,       1.232943279,       1.639074672,      0.5304770591,      -15.13131467,       16.39406166,    -0.03952012541,       1.639074672,       1.233190484,       26.45848536
          0,           0,          84,       -5.92691416,      -3.655257345,      -3.620822617,      -3.621778245,     -0.5260795639,       177.8379639,     0.04679722831,       1.232527837,       1.639033599,      0.5303509262,       -15.1262158,       16.39455961,    -0.03929356311,       1.639033599,       1.232789871,       26.33762472
          0,           0,          85,      -5.958737846,      -3.686091304,      -3.636340215,      -3.633964458,     -0.5513959966,       177.8379639,     0.04703225101,       1.232173308,       1.640044595,       0.530105455,      -15.12224766,       16.40981149,    -0.03903438218,       1.640044595,       1.232452599,       26.19847618
          0,           0,          86,      -5.986502806,      -3.690940525,      -3.616174507,      -3.614933338,     -0.5709611383,       177.8379639,     0.04728852477,       1.231979624,       1.642520068,      0.5297186156,       -15.1207791,       16.44567738,    -0.03876522196,       1.642520068,       1.232277264,       26.05240128
          0,           0,          87,      -6.008260215,      -3.666830411,      -3.577484724,      -3.579666619,     -0.5837337932,       177.8379639,     0.04741266509,       1.231929354,         1.6440583,      0.5295046218,      -15.12078131,       16.46785633,    -0.03863787745,         1.6440583,       1.232235777,       25.98312818
