# Sample rocket, Euler, alpha=4 deg, half model, z-symmetric mesh. cn/xcp: alpha=4 result; ca_cfd: pressure axial coefficient (viscous/base terms excluded). Error: cn vs the extrapolated value f0 of the fit f = f0 + C*h^p, h = cells^(-1/3). case_wall_s: SU2 wall time of the alpha=4 case (4 ranks, 4 cases concurrent). peak_rss_per_rank_mb: largest SU2 rank. Fit: M0.8 and M2.0 see mesh_convergence_summary.json
mach,wall_size_m,cells,cn,cn_err_vs_extrapolated_percent,xcp_m,ca_cfd,case_wall_s,mesh_s,peak_rss_per_rank_mb
0.8,0.01,92668,1.17607,-3.12,1.20212,-0.0932914,4.6,4.58109,265.926
0.8,0.005,222158,1.19389,-1.65,1.22019,-0.0718789,11.9,7.02239,331.594
0.8,0.0035,379374,1.22589,0.98,1.22535,-0.0554228,23,8.78824,443.742
0.8,0.0025,649110,1.21452,0.05,1.22186,-0.0449964,38.2,11.2039,628.5
0.8,0.002,941082,1.20979,-0.34,1.21626,-0.0382895,55.9,13.5978,800.188
0.8,0.0018,1124342,1.20209,-0.98,1.21248,-0.0349084,65.8,14.6962,922.605
2,0.01,92668,0.796177,-15.25,1.08829,0.0725524,17.6,4.58109,265.926
2,0.005,222158,0.872953,-7.07,1.13594,0.0890332,40.1,7.02239,331.594
2,0.0035,379374,0.899619,-4.23,1.14721,0.0980016,47.5,8.78824,443.742
2,0.0025,649110,0.912331,-2.88,1.15251,0.102236,124.8,11.2039,628.5
2,0.002,941082,0.918849,-2.19,1.15364,0.105384,184.8,13.5978,800.188
2,0.0018,1124342,0.925942,-1.43,1.15507,0.106495,141.6,14.6962,922.605
