mach,alpha_deg,status,iterations,residual_first,residual_last,cn_raw,ca_cfd,xcp_raw_m,nose_moment_raw,cn,xcp_m,wall_seconds,warm_start
0.3,0,converged,68,-4.53744355e0,-6.00565388e0,-4.58166397e-2,-5.79787374e-2,1.41747155e0,-6.49437832e-2,0.00000000e0,,36.0,false
0.3,2,converged,38,-1.60473535e-1,-6.01127295e0,4.76587981e-1,-5.95392974e-2,1.14730324e0,5.46790933e-1,5.22404621e-1,1.17099791e0,32.5,true
0.3,4,converged,39,-1.60453557e-1,-6.07400733e0,1.07470400e0,-6.34245077e-2,1.18251358e0,1.27085207e0,1.12052064e0,1.19212071e0,33.7,true
0.3,8,converged,42,1.40525193e-1,-6.03212662e0,2.34195843e0,-7.65683153e-2,1.19761267e0,2.80475909e0,2.38777507e0,1.20183132e0,36.1,true
0.8,0,converged,184,1.55983236e0,-6.00983148e0,-2.20469056e-2,-3.23724243e-2,1.40790444e0,-3.10399362e-2,0.00000000e0,,127.8,true
0.8,2,converged,38,2.87492136e-1,-6.00786147e0,5.50254631e-1,-3.42199009e-2,1.20351476e0,6.62239571e-1,5.72301536e-1,1.21138851e0,32.9,true
0.8,4,converged,40,2.87531009e-1,-6.03062377e0,1.17015986e0,-3.91224913e-2,1.21579626e0,1.42267598e0,1.19220676e0,1.21934883e0,34.5,true
0.8,8,converged,54,5.88513886e-1,-6.00088390e0,2.50215016e0,-5.51037426e-2,1.22842655e0,3.07370768e0,2.52419707e0,1.22999415e0,45.5,true
1.2,0,converged,213,1.52049939e0,-6.12012585e0,-1.26643098e-2,1.02388056e-1,1.41807051e0,-1.79588842e-2,0.00000000e0,,153.9,true
1.2,2,converged,156,4.91211396e-1,-6.11031162e0,6.23839813e-1,1.02224707e-1,1.23128041e0,7.68121743e-1,6.36504122e-1,1.23499691e0,142.0,true
1.2,4,accepted,250,4.91251583e-1,-5.91767654e0,1.28094131e0,1.01932699e-1,1.23495997e0,1.58191124e0,1.29360562e0,1.23675261e0,197.8,true
1.2,8,converged,73,-3.67367910e0,-6.01088020e0,2.66573382e0,9.98432154e-2,1.24116804e0,3.30862363e0,2.67839813e0,1.24200449e0,77.8,false
2,0,converged,197,1.85553764e0,-6.02661340e0,-1.54327582e-3,1.04780869e-1,1.34702120e0,-2.07882525e-3,0.00000000e0,,184.4,true
2,2,converged,207,7.51343539e-1,-6.00679838e0,4.53638545e-1,1.04987813e-1,1.15741180e0,5.25046606e-1,4.55181821e-1,1.15805467e0,169.4,true
2,4,converged,147,7.51313617e-1,-6.02808521e0,9.19417758e-1,1.05535363e-1,1.15489930e0,1.06183492e0,9.20961034e-1,1.15522124e0,110.9,true
2,8,converged,139,1.05218274e0,-6.01285899e0,1.88024631e0,1.07796791e-1,1.13910416e0,2.14179640e0,1.88178959e0,1.13927468e0,70.1,true
