# Sample rocket, Euler CFD (half model, wall_size 2.5 mm, 633k cells) vs Barrowman and panel tables. cna in 1/rad, xcp in m from the nose, ca_off = power-off axial coefficient (CFD: hybrid, Barrowman friction/base/fin terms added).
mach,alpha_deg,cfd_cn,cfd_xcp_m,cfd_ca_off,cfd_cna_per_rad,barrowman_cn,barrowman_xcp_m,barrowman_ca_off,barrowman_cna_per_rad,panel_cn,panel_xcp_m,panel_ca_off,panel_cna_per_rad
0.3,0,0.0000,1.1633,0.4352,14.604,0.0000,1.1629,0.4937,11.692,0.0000,1.1940,0.4597,14.843
0.3,2,0.5224,1.1710,0.4393,14.604,0.4319,1.1428,0.4994,11.692,0.5416,1.1766,0.4650,14.843
0.3,4,1.1205,1.1921,0.4505,14.604,0.9112,1.1251,0.5145,11.692,1.1284,1.1605,0.4790,14.843
0.3,8,2.3878,1.2018,0.4841,14.604,2.0087,1.0956,0.5613,11.692,2.4258,1.1319,0.5226,14.843
0.8,0,0.0000,1.2086,0.5908,16.168,0.0000,1.1748,0.6237,12.239,0.0000,1.2058,0.6180,16.102
0.8,2,0.5723,1.2114,0.5961,16.168,0.4510,1.1550,0.6308,12.239,0.5855,1.1891,0.6251,16.102
0.8,4,1.1922,1.2193,0.6102,16.168,0.9493,1.1374,0.6499,12.239,1.2159,1.1737,0.6440,16.102
0.8,8,2.5242,1.2300,0.6533,16.168,2.0851,1.1079,0.7090,12.239,2.5992,1.1461,0.7026,16.102
1.2,0,0.0000,1.2344,0.7355,18.136,0.0000,1.2085,0.7335,13.966,0.0000,1.2749,0.8754,20.157
1.2,2,0.6365,1.2350,0.7426,18.136,0.5126,1.1899,0.7419,13.966,0.6635,1.2496,0.8855,20.157
1.2,4,1.2936,1.2368,0.7617,18.136,1.0806,1.1744,0.7643,13.966,1.0543,1.1991,0.9122,20.157
1.2,8,2.6784,1.2420,0.8196,18.136,2.4117,1.1517,0.8338,13.966,1.7616,1.0891,0.9952,20.157
2.0,0,0.0000,1.1590,0.5931,12.989,0.0000,1.1793,0.5578,11.193,0.0000,1.1613,0.6696,9.948
2.0,2,0.4552,1.1581,0.5989,12.989,0.4149,1.1577,0.5642,11.193,0.3712,1.1380,0.6773,9.948
2.0,4,0.9210,1.1552,0.6144,12.989,0.8793,1.1392,0.5812,11.193,0.7909,1.1177,0.6978,9.948
2.0,8,1.8818,1.1393,0.6629,12.989,1.9630,1.1101,0.6341,11.193,1.7762,1.0846,0.7612,9.948
